<?xml version="1.0" encoding="UTF-8"?>

<!DOCTYPE hibernate-configuration PUBLIC
		"-//Hibernate/Hibernate Configuration DTD 3.0//EN"
		"http://hibernate.org/dtd/hibernate-configuration-3.0.dtd">
		
		<hibernate-configuration>
			<session-factory>
			<property name="dialect">org.hibernate.dialect.MySQLDialect</property> 
			<property name="hibernate.connection.driver_class">com.mysql.cj.jdbc.Driver</property>
			<property name="hibernate.connection.url">jdbc:mysql://localhost:3306/jbdl65</property>
			<property name="hibernate.connection.username">root</property>
			<property name="hibernate.connection.password">Pravendra@123</property>
			<property name="hbm2ddl.auto">create</property>
			<property name="hibernate.show_sql">true</property> 
			<property name="hibernate.format_sql">true</property>
			<mapping class="com.entities.Note"/>
			
			</session-factory>
		
		
		</hibernate-configuration>